Category,gene,canonical,lof.oe_ci.upper
Established (AD),ETV6,TRUE,0.44
Established (AD),RUNX1,TRUE,0.633
Established (AD),CEBPA,TRUE,1.372
Established (AD),GATA2,TRUE,0.335
Established (AD),SRP72,TRUE,0.58
Established (AD),ACD,TRUE,0.921
Established (AD),PARN,TRUE,0.918
Established (AD),RTEL1,TRUE,0.661
Established (AD),TERT,TRUE,0.593
Established (AD),TINF2,TRUE,0.688
Established (AD),BRCA2,TRUE,0.803
Established (AD),BRCA1,TRUE,0.885
Established (AD),RAD51C,TRUE,1.139
Established (AD),TP53,TRUE,0.449
Established (AD),EPCAM,TRUE,1.341
Established (AD),MSH2,TRUE,0.672
Established (AD),MSH6,TRUE,0.841
Established (AD),PMS2,TRUE,0.898
Established (AD),RBBP6,TRUE,0.212
Established (AD),DDX1,TRUE,0.33
Established (AD),NF1,TRUE,0.449
Established (AD),SPRED1,TRUE,0.496
Established (AD),PTPN11,TRUE,0.156
Established (AD),KRAS,TRUE,0.264
Established (AD),SOS1,TRUE,0.288
Established (AD),CBL,TRUE,0.622
Established (AD),RPS19,TRUE,0.239
Established (AD),RPS17,TRUE,0.17
Established (AD),RPS24,TRUE,0.182
Established (AD),RPL35A,TRUE,0.202
Established (AD),RPL5,TRUE,0.096
Established (AD),RPL11,TRUE,0.342
Established (AD),RPS7,TRUE,0.317
Established (AD),RPS26,TRUE,0.32
Established (AD),RPS10,TRUE,0.265
Established (AD),BRAF,TRUE,0.237
Established (AD),MAP2K1,TRUE,0.515
Established (AD),MRAS,TRUE,0.444
Established (AD),NRAS,TRUE,0.55
Established (AD),RIT1,TRUE,0.523
Established (AD),RRAS2,TRUE,1.246
Established (AD),SOS2,TRUE,0.415
Established (AD),ATM,TRUE,0.847
Established (AR),CTC1,TRUE,0.776
Established (AR),NHP2,TRUE,1.123
Established (AR),NOP10,TRUE,1.215
Established (AR),WRAP53,TRUE,0.645
Established (AR),FANCA,TRUE,1.344
Established (AR),FANCC,TRUE,1.022
Established (AR),FANCD2,TRUE,0.777
Established (AR),FANCE,TRUE,0.957
Established (AR),FANCG,TRUE,1.05
Established (AR),FANCI,TRUE,0.959
Established (AR),FANCL,TRUE,1.444
Established (AR),FANCM,TRUE,0.754
Established (AR),MLH1,TRUE,0.639
Established (AR),HAX1,TRUE,1.132
Established (AR),GFI1,TRUE,0.715
Candidate,ADA,TRUE,1.184
Candidate,SH2B3,TRUE,1.35
Candidate,MEF2B,TRUE,0.778
Candidate,IGLL5,TRUE,1.922
Candidate,UBA2,TRUE,0.258
Candidate,CDH11,TRUE,0.249
Candidate,RAD50,TRUE,0.889
Candidate,CDK4,TRUE,0.61
Candidate,CDKN1A,TRUE,1.492
Candidate,CDKN1B,TRUE,0.804
Candidate,CDKN1C,TRUE,1.943
Candidate,CDKN2A,TRUE,0.791
Candidate,SF3A1,TRUE,0.227
Candidate,CDKN2C,TRUE,0.94
Candidate,TCIRG1,TRUE,1.222
Candidate,IKZF1,TRUE,0.32
Candidate,KLF2,TRUE,1.119
Candidate,NDRG1,TRUE,0.724
Candidate,MAD2L2,TRUE,0.806
Candidate,HOXB13,TRUE,1.273
Candidate,NXF1,TRUE,0.606
Candidate,SEC23B,TRUE,1.008
Candidate,PRPF8,TRUE,0.26
Candidate,KLF1,TRUE,1.777
Candidate,CTCF,TRUE,0.205
Candidate,GNA13,TRUE,0.262
Candidate,CTSC,TRUE,1.051
Candidate,CHD2,TRUE,0.174
Candidate,CHD4,TRUE,0.192
Candidate,ADAMTS13,TRUE,0.917
Candidate,WIF1,TRUE,0.924
Candidate,CHEK2,TRUE,1.399
Candidate,RPL35,TRUE,0.391
Candidate,HPS5,TRUE,0.797
Candidate,SP140,TRUE,0.745
Candidate,LYST,TRUE,0.505
Candidate,VPS45,TRUE,0.629
Candidate,U2AF2,TRUE,0.209
Candidate,MYSM1,TRUE,0.578
Candidate,ADD3,TRUE,0.395
Candidate,TPP1,TRUE,0.78
Candidate,LRIG3,TRUE,0.805
Candidate,CCR4,TRUE,0.809
Candidate,DIS3L2,TRUE,0.468
Candidate,KLF6,TRUE,0.108
Candidate,DNAJC21,TRUE,1.083
Candidate,CREBBP,TRUE,0.101
Candidate,CSF1R,TRUE,0.485
Candidate,CSF3R,TRUE,0.726
Candidate,CDAN1,TRUE,0.908
Candidate,CTLA4,TRUE,0.211
Candidate,CUX1,TRUE,0.277
Candidate,CYLD,TRUE,0.325
Candidate,VPS13B,TRUE,0.708
Candidate,DAXX,TRUE,0.524
Candidate,DDB2,TRUE,0.719
Candidate,RNF168,TRUE,1.406
Candidate,DHX15,TRUE,0.156
Candidate,ZNF384,TRUE,0.312
Candidate,ASXL1,TRUE,0.918
Candidate,DNAH5,TRUE,0.764
Candidate,DNAH9,TRUE,0.775
Candidate,DNM2,TRUE,0.239
Candidate,DNMT1,TRUE,0.15
Candidate,DNMT3A,TRUE,1.998
Candidate,DTX1,TRUE,0.74
Candidate,EBF1,TRUE,0.264
Candidate,EGFR,TRUE,0.475
Candidate,ARID2,TRUE,0.224
Candidate,ELANE,TRUE,1.245
Candidate,KLHDC8B,TRUE,1.016
Candidate,FLCN,TRUE,0.487
Candidate,UNC13D,TRUE,0.923
Candidate,EP300,TRUE,0.164
Candidate,AK2,TRUE,0.954
Candidate,EPOR,TRUE,0.787
Candidate,ERBB2,TRUE,0.518
Candidate,ERBB4,TRUE,0.357
Candidate,ERCC1,TRUE,1.306
Candidate,ERCC2,TRUE,1.089
Candidate,AKT1,TRUE,0.474
Candidate,ERCC3,TRUE,0.797
Candidate,ERCC4,TRUE,0.984
Candidate,ERCC5,TRUE,0.766
Candidate,ERG,TRUE,0.234
Candidate,MECOM,TRUE,0.161
Candidate,EXT1,TRUE,0.339
Candidate,EXT2,TRUE,0.775
Candidate,EZH2,TRUE,0.272
Candidate,SAMD9L,TRUE,0.876
Candidate,FAT1,TRUE,0.571
Candidate,FGFR1,TRUE,0.274
Candidate,FGFR3,TRUE,0.458
Candidate,FGFR2,TRUE,0.278
Candidate,FH,TRUE,0.599
Candidate,FHIT,TRUE,1.57
Candidate,IKZF3,TRUE,0.244
Candidate,ANKRD26,TRUE,0.728
Candidate,DIS3,TRUE,1.076
Candidate,SHANK2,TRUE,0.417
Candidate,NT5C2,TRUE,1.128
Candidate,SPEN,TRUE,0.094
Candidate,FOXO1,TRUE,0.348
Candidate,FOXO3,TRUE,0.26
Candidate,FLI1,TRUE,0.367
Candidate,NBEAL2,TRUE,0.641
Candidate,FLT3,TRUE,0.468
Candidate,CAMTA1,TRUE,0.227
Candidate,MGA,TRUE,0.197
Candidate,SYNE1,TRUE,0.564
Candidate,ARHGEF12,TRUE,0.369
Candidate,DICER1,TRUE,0.275
Candidate,SF3B1,TRUE,0.1
Candidate,BRD4,TRUE,0.191
Candidate,TNFRSF13B,TRUE,1.794
Candidate,SUZ12,TRUE,0.344
Candidate,CBLC,TRUE,1.058
Candidate,IL17RA,TRUE,0.897
Candidate,ALK,TRUE,0.562
Candidate,ABL1,TRUE,0.19
Candidate,FYB1,TRUE,0.436
Candidate,FYN,TRUE,0.215
Candidate,SLC37A4,TRUE,1.277
Candidate,SLC37A4,TRUE,1.252
Candidate,PRPF40B,TRUE,0.542
Candidate,GALE,TRUE,0.925
Candidate,NIPBL,TRUE,0.057
Candidate,RPL36,TRUE,0.433
Candidate,POT1,TRUE,0.871
Candidate,SAMHD1,TRUE,0.889
Candidate,SETBP1,TRUE,0.143
Candidate,GATA3,TRUE,0.376
Candidate,BLOC1S6,TRUE,1.5
Candidate,GREM1,TRUE,0.856
Candidate,ABL2,TRUE,0.578
Candidate,MLH3,TRUE,0.735
Candidate,FOXP1,TRUE,0.279
Candidate,PCLO,TRUE,0.191
Candidate,GNAS,TRUE,0.302
Candidate,GNB1,TRUE,0.222
Candidate,GP1BA,TRUE,1.289
Candidate,GP1BB,TRUE,1.922
Candidate,LAMTOR2,TRUE,0.546
Candidate,SETD2,TRUE,0.176
Candidate,UBE2T,TRUE,0.838
Candidate,DROSHA,TRUE,0.39
Candidate,TLX3,TRUE,1.004
Candidate,H1-4,TRUE,1.849
Candidate,HCLS1,TRUE,0.748
Candidate,HNRNPK,TRUE,0.242
Candidate,TLX1,TRUE,0.504
Candidate,HOXA11,TRUE,0.605
Candidate,APC,TRUE,0.321
Candidate,HPS1,TRUE,0.879
Candidate,AIRE,TRUE,1.169
Candidate,HRAS,TRUE,0.893
Candidate,BIRC3,TRUE,0.543
Candidate,IRF8,TRUE,0.462
Candidate,BRINP3,TRUE,0.364
Candidate,ID3,TRUE,0.865
Candidate,IDH1,TRUE,0.829
Candidate,IDH2,TRUE,0.502
Candidate,SLFN14,TRUE,1.021
Candidate,IFNGR2,TRUE,0.61
Candidate,IGF2R,TRUE,0.421
Candidate,FAS,TRUE,0.372
Candidate,FASLG,TRUE,0.606
Candidate,IL7R,TRUE,0.981
Candidate,CXCR2,TRUE,1.154
Candidate,INPP5D,TRUE,0.379
Candidate,IRF4,TRUE,0.383
Candidate,ITGA2B,TRUE,0.763
Candidate,ITGB3,TRUE,0.685
Candidate,ITK,TRUE,0.644
Candidate,JAK1,TRUE,0.168
Candidate,JAK2,TRUE,0.848
Candidate,JAK3,TRUE,0.933
Candidate,FAM111B,TRUE,1.817
Candidate,ERCC6L2,TRUE,0.792
Candidate,KDR,TRUE,0.328
Candidate,KIT,TRUE,0.24
Candidate,RHOA,TRUE,0.433
Candidate,BLOC1S3,TRUE,1.836
Candidate,LCK,TRUE,0.332
Candidate,LIG4,TRUE,1.043
Candidate,LLGL2,TRUE,0.816
Candidate,LMO2,TRUE,1.118
Candidate,SMAD4,TRUE,0.227
Candidate,MAF,TRUE,0.852
Candidate,MAX,TRUE,0.288
Candidate,MEN1,TRUE,0.206
Candidate,MET,TRUE,0.446
Candidate,KITLG,TRUE,0.581
Candidate,MITF,TRUE,0.482
Candidate,KMT2A,TRUE,0.065
Candidate,MN1,TRUE,0.482
Candidate,MPL,TRUE,1.022
Candidate,MRE11,TRUE,0.801
Candidate,MUC1,TRUE,0.991
Candidate,MUC1,TRUE,0.964
Candidate,MUTYH,TRUE,1.022
Candidate,MYB,TRUE,0.443
Candidate,MYC,TRUE,0.128
Candidate,MYCN,TRUE,0.311
Candidate,MYD88,TRUE,0.721
Candidate,MYH9,TRUE,0.159
Candidate,MYO5A,TRUE,0.461
Candidate,NBN,TRUE,1.057
Candidate,NF2,TRUE,0.187
Candidate,NFKBIE,TRUE,0.655
Candidate,NOTCH1,TRUE,0.217
Candidate,NOTCH2,TRUE,0.151
Candidate,NPAT,TRUE,0.474
Candidate,NPM1,TRUE,0.313
Candidate,NTHL1,TRUE,1.381
Candidate,NTRK1,TRUE,0.954
Candidate,NTRK3,TRUE,0.347
Candidate,NUP98,TRUE,0.155
Candidate,PAX5,TRUE,0.361
Candidate,SBDS,TRUE,1.08
Candidate,LEF1,TRUE,0.459
Candidate,WAC,TRUE,0.248
Candidate,ZBTB7A,TRUE,0.878
Candidate,UBR5,TRUE,0.073
Candidate,DDX41,TRUE,0.768
Candidate,GSKIP,TRUE,0.86
Candidate,PDGFRA,TRUE,0.264
Candidate,PDGFRB,TRUE,0.504
Candidate,LUC7L2,TRUE,0.697
Candidate,SUFU,TRUE,0.214
Candidate,ADA2,TRUE,0.879
Candidate,PGM3,TRUE,0.962
Candidate,PIM1,TRUE,0.439
Candidate,PIK3CD,TRUE,0.23
Candidate,PIK3R1,TRUE,0.363
Candidate,PLCG1,TRUE,0.504
Candidate,PLCG2,TRUE,0.461
Candidate,PML,TRUE,0.613
Candidate,PMS1,TRUE,1.085
Candidate,CYCS,TRUE,0.335
Candidate,POLD1,TRUE,0.878
Candidate,POLE,TRUE,0.75
Candidate,POLH,TRUE,0.846
Candidate,TERF2IP,TRUE,1.45
Candidate,ATR,TRUE,0.518
Candidate,DHX29,TRUE,0.578
Candidate,TET2,TRUE,1.997
Candidate,SAMD9,TRUE,1.773
Candidate,NSUN2,TRUE,0.965
Candidate,SDHAF2,TRUE,1.608
Candidate,ATG2B,TRUE,0.586
Candidate,RFWD3,TRUE,0.931
Candidate,RIF1,TRUE,0.254
Candidate,PBRM1,TRUE,0.23
Candidate,ASXL2,TRUE,0.239
Candidate,FBXW7,TRUE,0.181
Candidate,ETNK1,TRUE,0.369
Candidate,PRF1,TRUE,1.438
Candidate,ZCCHC8,TRUE,0.709
Candidate,TMEM127,TRUE,1.587
Candidate,NLRP2,TRUE,1.232
Candidate,PRKACG,TRUE,1.26
Candidate,ATF7IP,TRUE,0.294
Candidate,PRKAR1A,TRUE,0.158
Candidate,PRKCB,TRUE,0.241
Candidate,MAP2K2,TRUE,0.858
Candidate,RELN,TRUE,0.276
Candidate,PSMB5,TRUE,0.255
Candidate,PRDM9,TRUE,1.039
Candidate,PTCH1,TRUE,0.146
Candidate,PTEN,TRUE,0.685
Candidate,BIRC6,TRUE,0.213
Candidate,ARID1B,TRUE,0.205
Candidate,MRTFA,TRUE,0.389
Candidate,PTPN2,TRUE,0.618
Candidate,PTPRD,TRUE,0.204
Candidate,PTPRJ,TRUE,1.043
Candidate,BARD1,TRUE,1.087
Candidate,KMT2C,TRUE,0.202
Candidate,RAB27A,TRUE,1.126
Candidate,RAC2,TRUE,0.197
Candidate,RAD21,TRUE,0.341
Candidate,RAD51,TRUE,0.467
Candidate,RAD51D,TRUE,1.092
Candidate,RAF1,TRUE,0.353
Candidate,RAG1,TRUE,0.703
Candidate,RASA2,TRUE,1.484
Candidate,RB1,TRUE,0.239
Candidate,CCND1,TRUE,0.609
Candidate,BCL2,TRUE,0.368
Candidate,RECQL,TRUE,1.235
Candidate,REST,TRUE,0.16
Candidate,ACTB,TRUE,0.193
Candidate,BCL6,TRUE,0.221
Candidate,ROS1,TRUE,0.993
Candidate,RPL15,TRUE,0.132
Candidate,RPL18,TRUE,0.365
Candidate,RPL22,TRUE,0.645
Candidate,RPL26,TRUE,0.258
Candidate,RPL27,TRUE,0.259
Candidate,RPL31,TRUE,0.217
Candidate,RPS15,TRUE,0.981
Candidate,RPS20,TRUE,0.481
Candidate,RPS27,TRUE,0.52
Candidate,RPS27A,TRUE,0.377
Candidate,RPS28,TRUE,0.908
Candidate,RPS29,TRUE,0.308
Candidate,RRAS,TRUE,1.175
Candidate,SDHA,TRUE,0.786
Candidate,PRDM1,TRUE,0.314
Candidate,SDHB,TRUE,0.741
Candidate,SDHC,TRUE,0.892
Candidate,SDHD,TRUE,0.581
Candidate,BLM,TRUE,0.847
Candidate,LRRC4,TRUE,0.459
Candidate,MAP2K4,TRUE,0.216
Candidate,SRSF2,TRUE,0.521
Candidate,NSD1,TRUE,0.144
Candidate,BCL11B,TRUE,0.462
Candidate,BMPR1A,TRUE,0.195
Candidate,SMARCA2,TRUE,0.317
Candidate,HLTF,TRUE,1.482
Candidate,SMARCA4,TRUE,0.226
Candidate,SMARCB1,TRUE,0.221
Candidate,SMARCD2,TRUE,0.762
Candidate,SMO,TRUE,0.706
Candidate,SPI1,TRUE,0.3
Candidate,SRC,TRUE,0.383
Candidate,SRP54,TRUE,0.304
Candidate,STAT3,TRUE,0.109
Candidate,STAT5B,TRUE,0.277
Candidate,ZFP36L2,TRUE,1.512
Candidate,STIM1,TRUE,0.475
Candidate,STK11,TRUE,0.364
Candidate,STXBP2,TRUE,0.874
Candidate,SYK,TRUE,0.302
Candidate,TAL1,TRUE,0.991
Candidate,TCF4,TRUE,0.096
Candidate,HNF1A,TRUE,0.477
Candidate,TCF3,TRUE,1.239
Candidate,TCF7,TRUE,0.624
Candidate,TCF7L2,TRUE,0.474
Candidate,BTG1,TRUE,0.458
Candidate,BUB1B,TRUE,0.707
Candidate,THPO,TRUE,1.117
Candidate,NKX2-1,TRUE,0.522
Candidate,TNFAIP3,TRUE,0.209
Candidate,TRAF3,TRUE,0.321
Candidate,TSC1,TRUE,0.227
Candidate,TSC2,TRUE,0.203
Candidate,TYK2,TRUE,0.626
Candidate,UROS,TRUE,0.758
Candidate,VAV1,TRUE,0.353
Candidate,VHL,TRUE,0.987
Candidate,VWF,TRUE,0.639
Candidate,WIPF1,TRUE,0.565
Candidate,NSD2,TRUE,0.139
Candidate,WRN,TRUE,0.9
Candidate,WT1,TRUE,0.253
Candidate,XBP1,TRUE,0.87
Candidate,XBP1,TRUE,0.778
Candidate,XPA,TRUE,1.068
Candidate,XPC,TRUE,1.023
Candidate,XPO1,TRUE,0.083
Candidate,XRCC2,TRUE,1.209
Candidate,SF1,TRUE,0.22
Candidate,ZBTB16,TRUE,0.245
Candidate,ZNF217,TRUE,0.237
Candidate,LAPTM5,TRUE,0.775
Candidate,CXCR4,TRUE,0.514
Candidate,USP7,TRUE,0.085
Candidate,DDX54,TRUE,0.821
Candidate,CDC73,TRUE,0.42
Candidate,EFL1,TRUE,0.718
Candidate,FAT4,TRUE,0.317
Candidate,USB1,TRUE,1.016
Candidate,RHBDF2,TRUE,0.545
Candidate,TBL1XR1,TRUE,0.174
Candidate,PALB2,TRUE,0.9
Candidate,HPS6,TRUE,1.146
Candidate,GRHL2,TRUE,0.367
Candidate,STN1,TRUE,0.975
Candidate,NR4A3,TRUE,0.437
Candidate,FBXO11,TRUE,0.215
Candidate,MLLT10,TRUE,0.291
Candidate,NCOA4,TRUE,0.65
Candidate,SHOC2,TRUE,0.201
Candidate,KMT2D,TRUE,0.141
Candidate,TUBB1,TRUE,1.586
Candidate,CALR,TRUE,0.423
Candidate,CLPB,TRUE,0.643
Candidate,DOCK8,TRUE,0.622
Candidate,SBF2,TRUE,0.591
Candidate,LZTR1,TRUE,1.997
Candidate,ARID1A,TRUE,0.141
Candidate,AXIN2,TRUE,0.397
Candidate,BAP1,TRUE,0.324
Candidate,GFI1B,TRUE,0.761
Candidate,H3C11,TRUE,1.663
Candidate,BRIP1,TRUE,0.848
Candidate,DTNBP1,TRUE,1.103
Candidate,CASP8,TRUE,0.695
Candidate,CASP10,TRUE,1.046
Candidate,HVCN1,TRUE,0.816
Candidate,HPS3,TRUE,0.684
Candidate,CARD11,TRUE,0.364
Candidate,SLX4,TRUE,0.896
Candidate,JAGN1,TRUE,1.062
Candidate,CDIN1,TRUE,0.931
Candidate,PPM1D,TRUE,1.183
Candidate,MASTL,TRUE,0.786
Candidate,AP3B1,TRUE,0.59
Candidate,CBFA2T3,TRUE,0.957
Candidate,CBFB,TRUE,1.065
Candidate,SOCS1,TRUE,1.473
Candidate,STX11,TRUE,1.502
Candidate,CBLB,TRUE,0.406
Candidate,ACTN1,TRUE,0.331
Candidate,EED,TRUE,0.41
Candidate,TNFRSF14,TRUE,0.827
Candidate,FADD,TRUE,1.715
Candidate,TRIM24,TRUE,0.297
Candidate,BCL10,TRUE,0.637
Candidate,PHOX2B,TRUE,0.349
Candidate,MBD4,TRUE,1.023
Candidate,CCND3,TRUE,0.548
Candidate,HPS4,TRUE,0.794
Candidate,KLHL6,TRUE,0.929
Candidate,MAP3K14,TRUE,0.263
Candidate,AIP,TRUE,0.626
Candidate,SMC3,TRUE,0.132
Candidate,EXO1,TRUE,1.013
Candidate,NAF1,TRUE,0.926
Candidate,G6PC3,TRUE,1.008
Candidate,MFHAS1,TRUE,0.859
Candidate,NAPRT,TRUE,1.486
Candidate,RPL23,TRUE,0.174
Candidate,CD27,TRUE,0.946
Candidate,RECQL5,TRUE,1.028
Candidate,RECQL4,TRUE,1.519
Candidate,KIF23,TRUE,0.279
Candidate,NCOR1,TRUE,0.292
Candidate,CD70,TRUE,1.251
Candidate,CEP57,TRUE,0.74
Candidate,DHX34,TRUE,1.047
Candidate,CD79A,TRUE,0.991
Candidate,CD79B,TRUE,0.421
Candidate,TOX,TRUE,0.326
Candidate,MAML1,TRUE,0.299
Candidate,GINS1,TRUE,1.888
Candidate,ZEB2,TRUE,0.114
Candidate,SETDB1,TRUE,0.29
Candidate,MAFB,TRUE,0.469
Candidate,RBM8A,TRUE,0.546
Candidate,WDR1,TRUE,0.449
Candidate,CDH1,TRUE,0.514
Random,CENPS-CORT,TRUE,1.536
Random,KDM4A,TRUE,0.258
Random,CCDC24,TRUE,1.553
Random,LURAP1,TRUE,1.132
Random,GPX7,TRUE,1.57
Random,CTH,TRUE,1.078
Random,PRKACB,TRUE,0.513
Random,PKN2,TRUE,0.428
Random,RNPC3,TRUE,1.041
Random,OLFML3,TRUE,0.983
Random,PDE4DIP,TRUE,0.773
Random,CREB3L4,TRUE,0.984
Random,PMF1-BGLAP,TRUE,1.202
Random,SLAMF7,TRUE,0.988
Random,KIAA1614,TRUE,1.118
Random,PKP1,TRUE,0.499
Random,EDARADD,TRUE,0.991
Random,EXOSC10,TRUE,0.852
Random,PRAMEF10,TRUE,0.748
Random,ALDH4A1,TRUE,0.902
Random,SDC3,TRUE,0.729
Random,EVA1B,TRUE,1.923
Random,SLFNL1,TRUE,1.225
Random,P3H1,TRUE,1.049
Random,DEPDC1,TRUE,0.931
Random,PTGER3,TRUE,0.778
Random,ZNF644,TRUE,0.224
Random,SF3B4,TRUE,0.259
Random,S100A12,TRUE,1.815
Random,PBXIP1,TRUE,1.184
Random,PEX19,TRUE,1.066
Random,MPC2,TRUE,1.148
Random,RAB29,TRUE,0.788
Random,RD3,TRUE,1.116
Random,BATF3,TRUE,1.094
Random,NSL1,TRUE,0.981
Random,SLC30A6,TRUE,1
Random,SLC1A4,TRUE,0.795
Random,TET3,TRUE,0.213
Random,KDM3A,TRUE,0.469
Random,VWA3B,TRUE,0.992
Random,TMEM182,TRUE,1.092
Random,POLR1B,TRUE,0.363
Random,RABL2A,TRUE,0.973
Random,TNFAIP6,TRUE,1.355
Random,MYO1B,TRUE,0.554
Random,MOGAT1,TRUE,1.309
Random,KLHL30,TRUE,1.652
Random,NOL10,TRUE,1.007
Random,CCDC121,TRUE,1.848
Random,TPRKB,TRUE,0.94
Random,AUP1,TRUE,0.758
Random,GPAT2,TRUE,1.013
Random,GPAT2,TRUE,1.069
Random,SEMA4C,TRUE,0.305
Random,REV1,TRUE,0.361
Random,CHST10,TRUE,0.936
Random,BIN1,TRUE,0.817
Random,TTN,TRUE,0.479
Random,KANSL1L,TRUE,0.341
Random,ABCA12,TRUE,0.582
Random,MARCHF4,TRUE,0.495
Random,USP37,TRUE,0.281
Random,GBX2,TRUE,0.596
Random,AQP12B,TRUE,1.875
Random,ARIH2,TRUE,0.242
Random,IQCF3,TRUE,1.863
Random,SYNPR,TRUE,0.999
Random,GTF2E1,TRUE,0.583
Random,PARP15,TRUE,0.953
Random,PLXNA1,TRUE,0.486
Random,ABTB1,TRUE,1.003
Random,COPG1,TRUE,0.376
Random,IL20RB,TRUE,0.997
Random,RAP2B,TRUE,0.856
Random,TPRG1,TRUE,1.295
Random,HES1,TRUE,0.607
Random,EOMES,TRUE,0.493
Random,ALS2CL,TRUE,1.08
Random,PRSS45P,TRUE,1.446
Random,UQCRC1,TRUE,0.763
Random,USP19,TRUE,0.303
Random,USP19,TRUE,0.297
Random,MON1A,TRUE,0.854
Random,PSMD6,TRUE,0.327
Random,LMOD3,TRUE,0.948
Random,CGGBP1,TRUE,0.767
Random,ZNF80,TRUE,1.878
Random,FSTL1,TRUE,0.805
Random,ILDR1,TRUE,1.103
Random,SLC12A8,TRUE,1.105
Random,TXNRD3,TRUE,1.052
Random,WWTR1,TRUE,0.541
Random,CCDC39,TRUE,1.226
Random,MSANTD1,TRUE,0.733
Random,CC2D2A,TRUE,0.854
Random,PCDH7,TRUE,0.472
Random,PCDH7,TRUE,0.455
Random,UBE2K,TRUE,0.728
Random,ADGRL3,TRUE,0.451
Random,AFP,TRUE,0.963
Random,HELT,TRUE,0.857
Random,CTBP1,TRUE,0.533
Random,STX18,TRUE,0.914
Random,TMEM156,TRUE,1.242
Random,CORIN,TRUE,1.042
Random,CXCL11,TRUE,1.016
Random,TMEM150C,TRUE,0.63
Random,EIF4E,TRUE,0.09
Random,CASP6,TRUE,0.953
Random,MFAP3L,TRUE,0.577
Random,CLDN24,TRUE,1.9
Random,LRP2BP,TRUE,1.127
Random,CCDC110,TRUE,1.155
Random,TRIP13,TRUE,0.592
Random,NSA2,TRUE,0.91
Random,LVRN,TRUE,1.102
Random,PCDHA1,TRUE,0.849
Random,PCDHB2,TRUE,1.892
Random,PCDHGA9,TRUE,0.737
Random,PCDHGA11,TRUE,0.808
Random,STK32A,TRUE,1.157
Random,HMGXB3,TRUE,0.467
Random,TENM2,TRUE,0.258
Random,SEMA5A,TRUE,0.495
Random,UGT3A1,TRUE,1.252
Random,TRIM23,TRUE,0.524
Random,CDC23,TRUE,0.452
Random,HAND1,TRUE,1.188
Random,SYCP2L,TRUE,0.94
Random,SCGN,TRUE,1.375
Random,H4C11,TRUE,1.256
Random,MRPS18B,TRUE,1.116
Random,RNF5,TRUE,1.013
Random,SRSF3,TRUE,0.145
Random,KCNQ5,TRUE,0.417
Random,FAM229B,TRUE,0.574
Random,TPD52L1,TRUE,0.977
Random,UNC93A,TRUE,1.134
Random,HUS1B,TRUE,1.926
Random,ATP6V1G2,TRUE,1.151
Random,GPANK1,TRUE,1.178
Random,KIF6,TRUE,1.132
Random,PKHD1,TRUE,0.783
Random,HMGCLL1,TRUE,1.294
Random,RNGTT,TRUE,0.562
Random,SIM1,TRUE,0.332
Random,MAN1A1,TRUE,0.512
Random,RAET1L,TRUE,1.209
Random,THBS2,TRUE,0.446
Random,DYNLT2,TRUE,1.376
Random,NUP42,TRUE,1.526
Random,POU6F2,TRUE,0.592
Random,ZNF716,TRUE,1.349
Random,LAT2,TRUE,0.716
Random,SRRM3,TRUE,0.924
Random,ZKSCAN1,TRUE,0.413
Random,ORAI2,TRUE,1.028
Random,KMT2E,TRUE,0.217
Random,DUS4L,TRUE,1.178
Random,DNAJB9,TRUE,0.964
Random,TES,TRUE,1.12
Random,AKR1B10,TRUE,1.324
Random,STRA8,TRUE,0.78
Random,STRA8,TRUE,0.752
Random,CUL1,TRUE,0.294
Random,MRM2,TRUE,1.72
Random,KDELR2,TRUE,1.316
Random,RAPGEF5,TRUE,0.741
Random,MLXIPL,TRUE,0.884
Random,GSAP,TRUE,1.2
Random,TMEM243,TRUE,1.9
Random,ABCB4,TRUE,0.623
Random,PON2,TRUE,1.073
Random,TRIM4,TRUE,1.353
Random,DOCK4,TRUE,0.445
Random,KDM7A,TRUE,0.405
Random,TMEM176B,TRUE,1.256
Random,SLC35G5,TRUE,1.213
Random,PKIA,TRUE,1.475
Random,INTS8,TRUE,0.453
Random,SPAG1,TRUE,1.084
Random,ODF1,TRUE,0.72
Random,RNF139,TRUE,0.493
Random,NKX3-1,TRUE,1.179
Random,TEX15,TRUE,0.789
Random,PURG,TRUE,0.325
Random,GGH,TRUE,1.488
Random,UBE2W,TRUE,1.349
Random,MRPS28,TRUE,1.643
Random,RMDN1,TRUE,1.221
Random,KLF10,TRUE,0.817
Random,TATDN1,TRUE,1.258
Random,DMRTA1,TRUE,1.279
Random,SPINK4,TRUE,1.378
Random,SEC61B,TRUE,1.39
Random,PAPPA,TRUE,0.467
Random,IZUMO3,TRUE,1.655
Random,SIGMAR1,TRUE,1.286
Random,BICD2,TRUE,0.507
Random,TEX10,TRUE,0.35
Random,FKBP15,TRUE,0.823
Random,CDC26,TRUE,1.64
Random,RAB14,TRUE,0.224
Random,UCK1,TRUE,0.926
Random,SEC16A,TRUE,0.621
Random,LCN6,TRUE,1.26
Random,ECHDC3,TRUE,1.614
Random,WASHC2C,TRUE,0.759
Random,NUDT13,TRUE,1.251
Random,TSPAN14,TRUE,0.685
Random,NOLC1,TRUE,0.64
Random,TRIM8,TRUE,0.291
Random,GSTO2,TRUE,1.238
Random,FAM171A1,TRUE,0.446
Random,FZD8,TRUE,0.753
Random,RHOBTB1,TRUE,0.68
Random,KCNMA1,TRUE,0.331
Random,SEC31B,TRUE,0.947
Random,CACUL1,TRUE,0.643
Random,FAM53B,TRUE,0.568
Random,OR51A7,TRUE,1.886
Random,OR52E4,TRUE,1.955
Random,LDHAL6A,TRUE,0.975
Random,EIF3M,TRUE,0.631
Random,PRRG4,TRUE,1.41
Random,HIPK3,TRUE,0.466
Random,PDHX,TRUE,0.797
Random,OR5T3,TRUE,1.462
Random,MYRF,TRUE,0.215
Random,ASRGL1,TRUE,1.121
Random,SART1,TRUE,0.39
Random,GAL,TRUE,1.72
Random,FOLR1,TRUE,0.735
Random,CLDN25,TRUE,1.892
Random,GRAMD1B,TRUE,0.717
Random,ROBO3,TRUE,0.749
Random,GLB1L2,TRUE,1.021
Random,IFITM3,TRUE,1.667
Random,OR52B2,TRUE,1.708
Random,PSMA1,TRUE,0.343
Random,KCNJ11,TRUE,1.074
Random,PTPN5,TRUE,0.58
Random,CHST1,TRUE,0.696
Random,AGBL2,TRUE,0.944
Random,C11orf98,TRUE,1.409
Random,HNRNPUL2,TRUE,0.391
Random,SLC22A24,TRUE,1.483
Random,CDCA5,TRUE,0.88
Random,LRRC32,TRUE,0.703
Random,MMP20,TRUE,1.197
Random,NXPE1,TRUE,1.266
Random,OR8B2,TRUE,1.852
Random,SMCO2,TRUE,1.225
Random,SMCO2,TRUE,1.238
Random,TSPAN11,TRUE,1.117
Random,TAMALIN,TRUE,0.587
Random,TARBP2,TRUE,0.909
Random,MBD6,TRUE,0.5
Random,SLC35E3,TRUE,1.266
Random,KCNMB4,TRUE,0.399
Random,THAP2,TRUE,1.137
Random,MYF6,TRUE,1.24
Random,MRPL42,TRUE,1.394
Random,ALDH2,TRUE,0.989
Random,LRRC43,TRUE,1.247
Random,EP400,TRUE,0.365
Random,CRACR2A,TRUE,0.969
Random,TAS2R14,TRUE,1.883
Random,KRT6A,TRUE,0.755
Random,KRT79,TRUE,1.27
Random,PYM1,TRUE,0.62
Random,AGAP2,TRUE,0.414
Random,POC1B-GALNT4,TRUE,0.938
Random,POC1B-GALNT4,TRUE,0.76
Random,TMEM119,TRUE,1.823
Random,GCN1,TRUE,0.349
Random,DHX37,TRUE,0.518
Random,GTF3A,TRUE,1.893
Random,SERP2,TRUE,1.84
Random,BIVM,TRUE,0.669
Random,SKA3,TRUE,1.206
Random,PNP,TRUE,0.995
Random,EDDM3A,TRUE,1.943
Random,OR4E2,TRUE,1.332
Random,AKAP5,TRUE,0.698
Random,FNTB,TRUE,0.665
Random,SLC39A9,TRUE,0.742
Random,SRSF5,TRUE,0.315
Random,SLC7A8,TRUE,0.793
Random,ADAM20,TRUE,1.933
Random,CEP128,TRUE,0.957
Random,CDC42BPB,TRUE,0.235
Random,SNRPN,TRUE,0.503
Random,GOLGA8Q,TRUE,1.73
Random,KLF13,TRUE,1.786
Random,CHRNA7,TRUE,1.064
Random,GCHFR,TRUE,1.947
Random,PLA2G4B,TRUE,1.471
Random,LIPC,TRUE,1.102
Random,SLC51B,TRUE,1.641
Random,RCN2,TRUE,1.263
Random,IDH3A,TRUE,1.09
Random,TMED3,TRUE,0.979
Random,TJP1,TRUE,0.275
Random,MYO5C,TRUE,0.893
Random,INSYN1,TRUE,0.592
Random,INSYN1,TRUE,0.727
Random,IMP3,TRUE,1.955
Random,CIB2,TRUE,1.274
Random,KLHL25,TRUE,1.726
Random,NDUFB10,TRUE,1.57
Random,MLST8,TRUE,0.679
Random,AHSP,TRUE,1.947
Random,MT1M,TRUE,1.869
Random,TSNAXIP1,TRUE,1.226
Random,PRMT7,TRUE,1.01
Random,ATMIN,TRUE,0.695
Random,RPL13,TRUE,0.25
Random,PRSS33,TRUE,1.776
Random,CNGB1,TRUE,0.94
Random,CFAP20,TRUE,0.783
Random,KCTD19,TRUE,0.74
Random,FGF11,TRUE,1.436
Random,MPDU1,TRUE,0.984
Random,MYO15A,TRUE,0.889
Random,ALKBH5,TRUE,0.19
Random,LGALS9C,TRUE,0.552
Random,WNK4,TRUE,0.929
Random,CFAP97D1,TRUE,0.992
Random,RUNDC3A,TRUE,0.912
Random,LRRC46,TRUE,0.94
Random,TACO1,TRUE,0.848
Random,ANAPC11,TRUE,0.785
Random,MNT,TRUE,0.619
Random,ALOX15,TRUE,1.117
Random,SPAG7,TRUE,0.916
Random,LRRC75A,TRUE,0.942
Random,GRAP,TRUE,1.351
Random,ALDH3A1,TRUE,1.246
Random,GIT1,TRUE,0.257
Random,KRT39,TRUE,1.102
Random,AARSD1,TRUE,1.122
Random,PTGES3L-AARSD1,TRUE,0.906
Random,PTGES3L-AARSD1,TRUE,0.924
Random,HOXB2,TRUE,1.649
Random,PRAC1,TRUE,1.838
Random,CHAD,TRUE,1.053
Random,ERN1,TRUE,0.498
Random,CDC42EP4,TRUE,1.577
Random,CIDEA,TRUE,1.027
Random,ASXL3,TRUE,0.229
Random,CDH20,TRUE,0.532
Random,NFATC1,TRUE,0.461
Random,SLC66A2,TRUE,1.262
Random,SAFB,TRUE,0.219
Random,ICAM5,TRUE,0.673
Random,POP4,TRUE,1.44
Random,GPI,TRUE,0.861
Random,SCN1B,TRUE,0.71
Random,TBCB,TRUE,1.073
Random,EIF3K,TRUE,1.041
Random,PAK4,TRUE,1.268
Random,PPFIA3,TRUE,0.264
Random,EPS8L1,TRUE,1.361
Random,KMT5C,TRUE,0.852
Random,TRAPPC2B,TRUE,1.302
Random,C19orf25,TRUE,1.935
Random,STAP2,TRUE,1.343
Random,OLFM2,TRUE,0.736
Random,LYL1,TRUE,1.236
Random,GDF1,TRUE,1.972
Random,LGI4,TRUE,1.255
Random,VSIG10L,TRUE,1.269
Random,UBE2S,TRUE,0.752
Random,DEFB129,TRUE,1.476
Random,CDS2,TRUE,0.944
Random,ENTPD6,TRUE,0.949
Random,ACTL10,TRUE,1.947
Random,TGIF2-RAB5IF,TRUE,0.865
Random,SGK2,TRUE,1.001
Random,PCK1,TRUE,1.109
Random,CSNK2A1,TRUE,0.274
Random,SNRPB,TRUE,0.324
Random,ZNF343,TRUE,1.202
Random,TMX4,TRUE,1.246
Random,SEL1L2,TRUE,0.979
Random,DEFB119,TRUE,1.774
Random,CPNE1,TRUE,1.012
Random,WFDC5,TRUE,1.43
Random,WFDC5,TRUE,1.462
Random,SPATA25,TRUE,1.518
Random,IGSF5,TRUE,1.466
Random,PCP4,TRUE,1.495
Random,CYYR1,TRUE,1.526
Random,RANBP1,TRUE,0.762
Random,ZNF74,TRUE,1.184
Random,PPIL2,TRUE,0.828
Random,RNF185,TRUE,1.049
Random,NIPSNAP1,TRUE,0.678
Random,GAL3ST1,TRUE,0.773
Random,C1QTNF6,TRUE,1.256
Random,RPS19BP1,TRUE,1.266
Random,SLC25A17,TRUE,0.899
Random,KIAA0930,TRUE,0.837
Random,PKDREJ,TRUE,1.741
Random,DENND6B,TRUE,1.212
Random,LMF2,TRUE,1.674
